"SampleIDNum","copies.ml"
58,565.067852601999
59,184.427082885275
60,147.60925736663
61,85.0989696969332
62,1263.75350321984
63,9414.90767032818
64,412.378175139156
65,834.560730977316
66,348.154278512049
67,97.6674539453649
68,206.462811826693
69,1087.12498939935
91,971.651283454098
92,197.790733862773
93,216.200350060409
94,170.979335412632
95,499.488652283692
96,259.474994981687
97,803.427930452187
98,1159.15649656556
99,193.643859371368
100,189.448068208269
101,841.038554088176
,
