"SampleIDNum","copies.ml"
70,1.54549544009268
71,1.31042763896235
72,0.300925083684063
73,1.52307488972654
74,1.33942097819215
75,0.977221974113322
76,7.16628865417511
77,2.82121068499923
78,3.21085963579766
79,3.42857055656146
80,1.54723034055461
81,4.71887303893045
82,1.07281674498941
83,0.747245057596609
84,1.57202905541671
85,0.393673501006671
86,1.44559369181783
87,2.61687408344351
88,0.367559412896775
89,0.226208380633004
90,0.630123581640724
,
