"SampleIDNum","copies.ml"
70,24.1035849376293
71,1031.89593764014
72,1072.65793259269
73,2694.50697123294
74,1071.00017146299
75,363.910699667411
76,170.46743036642
77,71.9155347455353
78,98.7525894434085
79,88.8936301973816
80,154.229070685863
81,21.1089545023285
82,30.0617663900167
83,22.5915457895673
84,59.1359297496785
85,62.5986294675021
86,169.806665753537
87,823.823644080188
88,52.0010021255755
89,62.9764042176109
90,15.7364214993366
,
