"SampleIDNum","copies.ml"
70,32.7450573649003
71,25.8839773909156
72,16.3649154708709
73,31.4806705709446
74,19.5982847661663
75,52.1906499270926
76,43.7006970124276
77,53.8817017582924
78,209.375758195379
79,29.9494390942803
80,32.6333641705961
81,167.250364682456
82,13.9220667985746
83,48.0454957083035
84,98.6153925311409
85,8.22494291696546
86,219.169096807443
87,364.604230112781
88,25.3233990694448
89,76.4864661536048
90,94.4542388018405
,
