"SampleIDNum","copies.ml"
58,566.797480899676
59,183.824888709114
60,146.89333411387
61,84.467641965654
62,1268.7359642077
63,9543.72696664502
64,411.817744182164
65,835.941376596978
66,347.6325833042
67,96.9711041078856
68,205.390169290115
69,1091.20760236467
91,975.701410750822
92,196.72067794766
93,215.353874600425
94,170.104938866394
95,499.567145948051
96,258.750560675213
97,805.878225382508
98,1164.29101275762
99,192.631596673305
100,188.312323159762
101,842.30841792024
