"SampleIDNum","copies.ml"
58,6.38343053830689
59,4.2455237794912
60,1.04422466644691
61,0.405997310372838
62,6.54517305164966
63,25.3324684216229
64,4.37225847606409
65,11.0070398654685
66,7.66512982122864
67,5.16198678669563
68,4.25855573300024
69,25.9214239646744
91,30.3609641108952
92,3.71672447900583
93,0.800599876985133
94,1.83239136555649
95,15.5453565473208
96,3.20575044645039
97,7.39448679165792
98,13.909256362639
99,4.12846313335549
100,1.9149069689303
101,17.1563894331563
